{
  "CoordinateSystem": "Unity",
  "Rooms": [
    {
      "UUID": "3FE65430BC9BF1362DF1C37A291F2B69",
      "RoomLayout": {
        "FloorUuid": "AD2930D64CD9576AA21DC31701604E99",
        "CeilingUuid": "9AAAF3F2B2F295EDDCB971A96CF2B4F2",
        "WallsUuid": [
          "3CEBA67BB9A2974D4E18A9E8480EE25F",
          "C8F2B33BCAFA8CF4E7D54A2E8CE858A7",
          "BA0D3058C31B09623003F3435D2AC32A",
          "BB8CC813901D7F8B7B8A4AC1A552FEFC",
          "B429EEFE69A0FD5A5534EE3FEEE5B64B",
          "61E138BBA5CEE50D40750FAFED5B5477"
        ]
      },
      "Anchors": [
        {
          "UUID": "9349467318C32F35FB29E359B12B47EF",
          "SemanticClassifications": [
            "GLOBAL_MESH"
          ],
          "Transform": {
            "Translation": [-0.0779506862,1.50175476,-1.06256664],
            "Rotation": [270.0,98.48446,0.0],
            "Scale": [1.0,1.0,1.0]
          }
        },
        {
          "UUID": "9AAAF3F2B2F295EDDCB971A96CF2B4F2",
          "SemanticClassifications": [
            "CEILING"
          ],
          "Transform": {
            "Translation": [-0.360212654,2.76863,-0.280121863],
            "Rotation": [90.0,273.691162,0.0],
            "Scale": [1.0,1.0,1.0]
          },
          "PlaneBounds": {
            "Min": [-3.9018693,-2.43532324],
            "Max": [3.9023118,2.43086958]
          },
          "PlaneBoundary2D": [
            [3.81914282,-2.43532324],
            [3.9023118,2.40593171],
            [1.61885977,2.43086934],
            [1.62334442,1.54941964],
            [-3.863717,1.52862883],
            [-3.901869,-2.435247]
          ]
        },
        {
          "UUID": "D21401BB753DA65DD865FBDA5876CE5C",
          "SemanticClassifications": [
            "COUCH"
          ],
          "Transform": {
            "Translation": [1.37872362,0.429997146,0.152543068],
            "Rotation": [270.0,276.830048,0.0],
            "Scale": [1.0,1.0,1.0]
          },
          "VolumeBounds": {
            "Min": [-0.780997634,-0.206135631,-0.44449985],
            "Max": [0.7809973,0.206135154,0.5414929]
          }
        },
        {
          "UUID": "CA4621F1E449FF482FF9443741328982",
          "SemanticClassifications": [
            "TABLE"
          ],
          "Transform": {
            "Translation": [-1.47332418,0.8605336,0.342582],
            "Rotation": [270.0,94.05183,0.0],
            "Scale": [1.0,1.0,1.0]
          },
          "VolumeBounds": {
            "Min": [-0.4369576,-0.315677166,-0.875793457],
            "Max": [0.436957359,0.3156768,2.38418579E-07]
          }
        },
        {
          "UUID": "AD2930D64CD9576AA21DC31701604E99",
          "SemanticClassifications": [
            "FLOOR"
          ],
          "Transform": {
            "Translation": [-0.343710035,-0.00215160847,-0.282574236],
            "Rotation": [270.0,274.299835,0.0],
            "Scale": [1.0,1.0,1.0]
          },
          "PlaneBounds": {
            "Min": [-3.8785305,-2.46456981],
            "Max": [3.87774,2.45991921]
          },
          "PlaneBoundary2D": [
            [-3.87457013,2.45991921],
            [-3.87853026,-1.504138],
            [1.60800076,-1.58321762],
            [1.59415245,-2.46456981],
            [3.87774,-2.46389127],
            [3.84600544,2.377974]
          ]
        },
        {
          "UUID": "3CEBA67BB9A2974D4E18A9E8480EE25F",
          "SemanticClassifications": [
            "WALL_FACE"
          ],
          "Transform": {
            "Translation": [2.06734633,1.38845444,-0.478351176],
            "Rotation": [-7.73365446E-06,273.691742,4.161782E-06],
            "Scale": [1.0,1.0,1.0]
          },
          "PlaneBounds": {
            "Min": [-3.86033416,-1.3906064],
            "Max": [3.86067843,1.38017559]
          },
          "PlaneBoundary2D": [
            [3.86067843,1.38017559],
            [-3.86033416,1.38017559],
            [-3.86033416,-1.3906064],
            [3.86067843,-1.3906064]
          ]
        },
        {
          "UUID": "C8F2B33BCAFA8CF4E7D54A2E8CE858A7",
          "SemanticClassifications": [
            "WALL_FACE"
          ],
          "Transform": {
            "Translation": [-1.96819639,1.38204384,-1.2994988],
            "Rotation": [3.65575738E-06,93.4741,-4.429391E-06],
            "Scale": [1.0,1.0,1.0]
          },
          "PlaneBounds": {
            "Min": [-2.74414563,-1.38419533],
            "Max": [2.742955,1.38658667]
          },
          "PlaneBoundary2D": [
            [2.742955,1.38658667],
            [-2.74414539,1.38658667],
            [-2.74414539,-1.38419533],
            [2.742955,-1.38419533]
          ]
        },
        {
          "UUID": "F5F8D37A818D91969A328743A244E3CE",
          "SemanticClassifications": [
            "LAMP"
          ],
          "Transform": {
            "Translation": [-1.56901753,0.8797335,-1.76134694],
            "Rotation": [270.0,92.42849,0.0],
            "Scale": [1.0,1.0,1.0]
          },
          "VolumeBounds": {
            "Min": [-0.435290784,-0.343650043,-0.889894366],
            "Max": [0.435290784,0.343650043,0.0]
          }
        },
        {
          "UUID": "BA0D3058C31B09623003F3435D2AC32A",
          "SemanticClassifications": [
            "WALL_FACE"
          ],
          "Transform": {
            "Translation": [-2.24165654,1.375322,1.46572673],
            "Rotation": [-4.707125E-06,3.39968586,-1.41929354E-06],
            "Scale": [1.0,1.0,1.0]
          },
          "PlaneBounds": {
            "Min": [-0.44093895,-1.37747347],
            "Max": [0.440521955,1.39330852]
          },
          "PlaneBoundary2D": [
            [0.440521955,1.39330864],
            [-0.44093895,1.39330864],
            [-0.44093895,-1.37747347],
            [0.440521955,-1.37747347]
          ]
        },
        {
          "UUID": "C83FCD7289EFCF06889708C6E16291D4",
          "SemanticClassifications": [
            "DOOR_FRAME"
          ],
          "Transform": {
            "Translation": [-2.25783348,1.19125211,1.467635],
            "Rotation": [-1.01479354E-05,3.40908074,-7.56618829E-06],
            "Scale": [1.0,1.0,1.0]
          },
          "PlaneBounds": {
            "Min": [-0.424999475,-1.2],
            "Max": [0.4250009,1.2]
          },
          "PlaneBoundary2D": [
            [0.4250009,1.2],
            [-0.424999237,1.2],
            [-0.424999475,-1.2],
            [0.425000668,-1.2]
          ]
        },
        {
          "UUID": "7C91D954C7AF50BF7B67431AD914AEB5",
          "SemanticClassifications": [
            "PLANT"
          ],
          "Transform": {
            "Translation": [1.633268,0.8834092,-1.97016442],
            "Rotation": [270.0,276.08255,0.0],
            "Scale": [1.0,1.0,1.0]
          },
          "VolumeBounds": {
            "Min": [-0.416763842,-0.281415641,-0.891201138],
            "Max": [0.416763842,0.281415641,0.0]
          }
        },
        {
          "UUID": "D1396A939E5A5AF37CFCA32DCEFE523F",
          "SemanticClassifications": [
            "SCREEN"
          ],
          "Transform": {
            "Translation": [-1.2338078,0.699412942,2.50842571],
            "Rotation": [270.0,275.454559,0.0],
            "Scale": [1.0,1.0,1.0]
          },
          "VolumeBounds": {
            "Min": [-1.10935855,-0.50031817,-0.7145777],
            "Max": [1.10935855,0.50031817,0.0]
          }
        },
        {
          "UUID": "63267662306B390CD5DFC7B3F994C61E",
          "SemanticClassifications": [
            "BED"
          ],
          "Transform": {
            "Translation": [0.176314861,0.8821882,3.12655258],
            "Rotation": [270.0,184.771332,0.0],
            "Scale": [1.0,1.0,1.0]
          },
          "VolumeBounds": {
            "Min": [-0.374493361,-0.330405235,-0.8984847],
            "Max": [0.374493361,0.330405235,2.38418579E-07]
          }
        },
        {
          "UUID": "BB8CC813901D7F8B7B8A4AC1A552FEFC",